,year,points_tele_final,points_jury_final,points_tele_sf,points_jury_sf
0,1956,,,,
1,1956,,,,
2,1956,,,,
3,1956,,,,
4,1956,,,,
5,1956,,,,
6,1956,,,,
7,1956,,,,
8,1956,,,,
9,1956,,,,
10,1956,,,,
11,1956,,,,
12,1957,,,,
13,1957,,,,
14,1957,,,,
15,1957,,,,
16,1957,,,,
17,1957,,,,
18,1957,,,,
19,1957,,,,
20,1957,,,,
21,1957,,,,
22,1958,,,,
23,1958,,,,
24,1958,,,,
25,1958,,,,
26,1958,,,,
27,1958,,,,
28,1958,,,,
29,1958,,,,
30,1958,,,,
31,1958,,,,
32,1959,,,,
33,1959,,,,
34,1959,,,,
35,1959,,,,
36,1959,,,,
37,1959,,,,
38,1959,,,,
39,1959,,,,
40,1959,,,,
41,1959,,,,
42,1959,,,,
43,1960,,,,
44,1960,,,,
45,1960,,,,
46,1960,,,,
47,1960,,,,
48,1960,,,,
49,1960,,,,
50,1960,,,,
51,1960,,,,
52,1960,,,,
53,1960,,,,
54,1960,,,,
55,1960,,,,
56,1961,,,,
57,1961,,,,
58,1961,,,,
59,1961,,,,
60,1961,,,,
61,1961,,,,
62,1961,,,,
63,1961,,,,
64,1961,,,,
65,1961,,,,
66,1961,,,,
67,1961,,,,
68,1961,,,,
69,1961,,,,
70,1961,,,,
71,1961,,,,
72,1962,,,,
73,1962,,,,
74,1962,,,,
75,1962,,,,
76,1962,,,,
77,1962,,,,
78,1962,,,,
79,1962,,,,
80,1962,,,,
81,1962,,,,
82,1962,,,,
83,1962,,,,
84,1962,,,,
85,1962,,,,
86,1962,,,,
87,1962,,,,
88,1963,,,,
89,1963,,,,
90,1963,,,,
91,1963,,,,
92,1963,,,,
93,1963,,,,
94,1963,,,,
95,1963,,,,
96,1963,,,,
97,1963,,,,
98,1963,,,,
99,1963,,,,
100,1963,,,,
101,1963,,,,
102,1963,,,,
103,1963,,,,
104,1964,,,,
105,1964,,,,
106,1964,,,,
107,1964,,,,
108,1964,,,,
109,1964,,,,
110,1964,,,,
111,1964,,,,
112,1964,,,,
113,1964,,,,
114,1964,,,,
115,1964,,,,
116,1964,,,,
117,1964,,,,
118,1964,,,,
119,1964,,,,
120,1965,,,,
121,1965,,,,
122,1965,,,,
123,1965,,,,
124,1965,,,,
125,1965,,,,
126,1965,,,,
127,1965,,,,
128,1965,,,,
129,1965,,,,
130,1965,,,,
131,1965,,,,
132,1965,,,,
133,1965,,,,
134,1965,,,,
135,1965,,,,
136,1965,,,,
137,1965,,,,
138,1966,,,,
139,1966,,,,
140,1966,,,,
141,1966,,,,
142,1966,,,,
143,1966,,,,
144,1966,,,,
145,1966,,,,
146,1966,,,,
147,1966,,,,
148,1966,,,,
149,1966,,,,
150,1966,,,,
151,1966,,,,
152,1966,,,,
153,1966,,,,
154,1966,,,,
155,1966,,,,
156,1967,,,,
157,1967,,,,
158,1967,,,,
159,1967,,,,
160,1967,,,,
161,1967,,,,
162,1967,,,,
163,1967,,,,
164,1967,,,,
165,1967,,,,
166,1967,,,,
167,1967,,,,
168,1967,,,,
169,1967,,,,
170,1967,,,,
171,1967,,,,
172,1967,,,,
173,1968,,,,
174,1968,,,,
175,1968,,,,
176,1968,,,,
177,1968,,,,
178,1968,,,,
179,1968,,,,
180,1968,,,,
181,1968,,,,
182,1968,,,,
183,1968,,,,
184,1968,,,,
185,1968,,,,
186,1968,,,,
187,1968,,,,
188,1968,,,,
189,1968,,,,
190,1969,,,,
191,1969,,,,
192,1969,,,,
193,1969,,,,
194,1969,,,,
195,1969,,,,
196,1969,,,,
197,1969,,,,
198,1969,,,,
199,1969,,,,
200,1969,,,,
201,1969,,,,
202,1969,,,,
203,1969,,,,
204,1969,,,,
205,1969,,,,
206,1970,,,,
207,1970,,,,
208,1970,,,,
209,1970,,,,
210,1970,,,,
211,1970,,,,
212,1970,,,,
213,1970,,,,
214,1970,,,,
215,1970,,,,
216,1970,,,,
217,1970,,,,
218,1971,,,,
219,1971,,,,
220,1971,,,,
221,1971,,,,
222,1971,,,,
223,1971,,,,
224,1971,,,,
225,1971,,,,
226,1971,,,,
227,1971,,,,
228,1971,,,,
229,1971,,,,
230,1971,,,,
231,1971,,,,
232,1971,,,,
233,1971,,,,
234,1971,,,,
235,1971,,,,
236,1972,,,,
237,1972,,,,
238,1972,,,,
239,1972,,,,
240,1972,,,,
241,1972,,,,
242,1972,,,,
243,1972,,,,
244,1972,,,,
245,1972,,,,
246,1972,,,,
247,1972,,,,
248,1972,,,,
249,1972,,,,
250,1972,,,,
251,1972,,,,
252,1972,,,,
253,1972,,,,
254,1973,,,,
255,1973,,,,
256,1973,,,,
257,1973,,,,
258,1973,,,,
259,1973,,,,
260,1973,,,,
261,1973,,,,
262,1973,,,,
263,1973,,,,
264,1973,,,,
265,1973,,,,
266,1973,,,,
267,1973,,,,
268,1973,,,,
269,1973,,,,
270,1973,,,,
271,1974,,,,
272,1974,,,,
273,1974,,,,
274,1974,,,,
275,1974,,,,
276,1974,,,,
277,1974,,,,
278,1974,,,,
279,1974,,,,
280,1974,,,,
281,1974,,,,
282,1974,,,,
283,1974,,,,
284,1974,,,,
285,1974,,,,
286,1974,,,,
287,1974,,,,
288,1975,,,,
289,1975,,,,
290,1975,,,,
291,1975,,,,
292,1975,,,,
293,1975,,,,
294,1975,,,,
295,1975,,,,
296,1975,,,,
297,1975,,,,
298,1975,,,,
299,1975,,,,
300,1975,,,,
301,1975,,,,
302,1975,,,,
303,1975,,,,
304,1975,,,,
305,1975,,,,
306,1975,,,,
307,1976,,,,
308,1976,,,,
309,1976,,,,
310,1976,,,,
311,1976,,,,
312,1976,,,,
313,1976,,,,
314,1976,,,,
315,1976,,,,
316,1976,,,,
317,1976,,,,
318,1976,,,,
319,1976,,,,
320,1976,,,,
321,1976,,,,
322,1976,,,,
323,1976,,,,
324,1976,,,,
325,1977,,,,
326,1977,,,,
327,1977,,,,
328,1977,,,,
329,1977,,,,
330,1977,,,,
331,1977,,,,
332,1977,,,,
333,1977,,,,
334,1977,,,,
335,1977,,,,
336,1977,,,,
337,1977,,,,
338,1977,,,,
339,1977,,,,
340,1977,,,,
341,1977,,,,
342,1977,,,,
343,1978,,,,
344,1978,,,,
345,1978,,,,
346,1978,,,,
347,1978,,,,
348,1978,,,,
349,1978,,,,
350,1978,,,,
351,1978,,,,
352,1978,,,,
353,1978,,,,
354,1978,,,,
355,1978,,,,
356,1978,,,,
357,1978,,,,
358,1978,,,,
359,1978,,,,
360,1978,,,,
361,1978,,,,
362,1978,,,,
363,1979,,,,
364,1979,,,,
365,1979,,,,
366,1979,,,,
367,1979,,,,
368,1979,,,,
369,1979,,,,
370,1979,,,,
371,1979,,,,
372,1979,,,,
373,1979,,,,
374,1979,,,,
375,1979,,,,
376,1979,,,,
377,1979,,,,
378,1979,,,,
379,1979,,,,
380,1979,,,,
381,1979,,,,
382,1980,,,,
383,1980,,,,
384,1980,,,,
385,1980,,,,
386,1980,,,,
387,1980,,,,
388,1980,,,,
389,1980,,,,
390,1980,,,,
391,1980,,,,
392,1980,,,,
393,1980,,,,
394,1980,,,,
395,1980,,,,
396,1980,,,,
397,1980,,,,
398,1980,,,,
399,1980,,,,
400,1980,,,,
401,1981,,,,
402,1981,,,,
403,1981,,,,
404,1981,,,,
405,1981,,,,
406,1981,,,,
407,1981,,,,
408,1981,,,,
409,1981,,,,
410,1981,,,,
411,1981,,,,
412,1981,,,,
413,1981,,,,
414,1981,,,,
415,1981,,,,
416,1981,,,,
417,1981,,,,
418,1981,,,,
419,1981,,,,
420,1981,,,,
421,1982,,,,
422,1982,,,,
423,1982,,,,
424,1982,,,,
425,1982,,,,
426,1982,,,,
427,1982,,,,
428,1982,,,,
429,1982,,,,
430,1982,,,,
431,1982,,,,
432,1982,,,,
433,1982,,,,
434,1982,,,,
435,1982,,,,
436,1982,,,,
437,1982,,,,
438,1982,,,,
439,1983,,,,
440,1983,,,,
441,1983,,,,
442,1983,,,,
443,1983,,,,
444,1983,,,,
445,1983,,,,
446,1983,,,,
447,1983,,,,
448,1983,,,,
449,1983,,,,
450,1983,,,,
451,1983,,,,
452,1983,,,,
453,1983,,,,
454,1983,,,,
455,1983,,,,
456,1983,,,,
457,1983,,,,
458,1983,,,,
459,1984,,,,
460,1984,,,,
461,1984,,,,
462,1984,,,,
463,1984,,,,
464,1984,,,,
465,1984,,,,
466,1984,,,,
467,1984,,,,
468,1984,,,,
469,1984,,,,
470,1984,,,,
471,1984,,,,
472,1984,,,,
473,1984,,,,
474,1984,,,,
475,1984,,,,
476,1984,,,,
477,1984,,,,
478,1985,,,,
479,1985,,,,
480,1985,,,,
481,1985,,,,
482,1985,,,,
483,1985,,,,
484,1985,,,,
485,1985,,,,
486,1985,,,,
487,1985,,,,
488,1985,,,,
489,1985,,,,
490,1985,,,,
491,1985,,,,
492,1985,,,,
493,1985,,,,
494,1985,,,,
495,1985,,,,
496,1985,,,,
497,1986,,,,
498,1986,,,,
499,1986,,,,
500,1986,,,,
501,1986,,,,
502,1986,,,,
503,1986,,,,
504,1986,,,,
505,1986,,,,
506,1986,,,,
507,1986,,,,
508,1986,,,,
509,1986,,,,
510,1986,,,,
511,1986,,,,
512,1986,,,,
513,1986,,,,
514,1986,,,,
515,1986,,,,
516,1986,,,,
517,1987,,,,
518,1987,,,,
519,1987,,,,
520,1987,,,,
521,1987,,,,
522,1987,,,,
523,1987,,,,
524,1987,,,,
525,1987,,,,
526,1987,,,,
527,1987,,,,
528,1987,,,,
529,1987,,,,
530,1987,,,,
531,1987,,,,
532,1987,,,,
533,1987,,,,
534,1987,,,,
535,1987,,,,
536,1987,,,,
537,1987,,,,
538,1987,,,,
539,1988,,,,
540,1988,,,,
541,1988,,,,
542,1988,,,,
543,1988,,,,
544,1988,,,,
545,1988,,,,
546,1988,,,,
547,1988,,,,
548,1988,,,,
549,1988,,,,
550,1988,,,,
551,1988,,,,
552,1988,,,,
553,1988,,,,
554,1988,,,,
555,1988,,,,
556,1988,,,,
557,1988,,,,
558,1988,,,,
559,1988,,,,
560,1989,,,,
561,1989,,,,
562,1989,,,,
563,1989,,,,
564,1989,,,,
565,1989,,,,
566,1989,,,,
567,1989,,,,
568,1989,,,,
569,1989,,,,
570,1989,,,,
571,1989,,,,
572,1989,,,,
573,1989,,,,
574,1989,,,,
575,1989,,,,
576,1989,,,,
577,1989,,,,
578,1989,,,,
579,1989,,,,
580,1989,,,,
581,1989,,,,
582,1990,,,,
583,1990,,,,
584,1990,,,,
585,1990,,,,
586,1990,,,,
587,1990,,,,
588,1990,,,,
589,1990,,,,
590,1990,,,,
591,1990,,,,
592,1990,,,,
593,1990,,,,
594,1990,,,,
595,1990,,,,
596,1990,,,,
597,1990,,,,
598,1990,,,,
599,1990,,,,
600,1990,,,,
601,1990,,,,
602,1990,,,,
603,1990,,,,
604,1991,,,,
605,1991,,,,
606,1991,,,,
607,1991,,,,
608,1991,,,,
609,1991,,,,
610,1991,,,,
611,1991,,,,
612,1991,,,,
613,1991,,,,
614,1991,,,,
615,1991,,,,
616,1991,,,,
617,1991,,,,
618,1991,,,,
619,1991,,,,
620,1991,,,,
621,1991,,,,
622,1991,,,,
623,1991,,,,
624,1991,,,,
625,1991,,,,
626,1992,,,,
627,1992,,,,
628,1992,,,,
629,1992,,,,
630,1992,,,,
631,1992,,,,
632,1992,,,,
633,1992,,,,
634,1992,,,,
635,1992,,,,
636,1992,,,,
637,1992,,,,
638,1992,,,,
639,1992,,,,
640,1992,,,,
641,1992,,,,
642,1992,,,,
643,1992,,,,
644,1992,,,,
645,1992,,,,
646,1992,,,,
647,1992,,,,
648,1992,,,,
649,1993,,,,
650,1993,,,,
651,1993,,,,
652,1993,,,,
653,1993,,,,
654,1993,,,,
655,1993,,,,
656,1993,,,,
657,1993,,,,
658,1993,,,,
659,1993,,,,
660,1993,,,,
661,1993,,,,
662,1993,,,,
663,1993,,,,
664,1993,,,,
665,1993,,,,
666,1993,,,,
667,1993,,,,
668,1993,,,,
669,1993,,,,
670,1993,,,,
671,1993,,,,
672,1993,,,,
673,1993,,,,
674,1994,,,,
675,1994,,,,
676,1994,,,,
677,1994,,,,
678,1994,,,,
679,1994,,,,
680,1994,,,,
681,1994,,,,
682,1994,,,,
683,1994,,,,
684,1994,,,,
685,1994,,,,
686,1994,,,,
687,1994,,,,
688,1994,,,,
689,1994,,,,
690,1994,,,,
691,1994,,,,
692,1994,,,,
693,1994,,,,
694,1994,,,,
695,1994,,,,
696,1994,,,,
697,1994,,,,
698,1994,,,,
699,1995,,,,
700,1995,,,,
701,1995,,,,
702,1995,,,,
703,1995,,,,
704,1995,,,,
705,1995,,,,
706,1995,,,,
707,1995,,,,
708,1995,,,,
709,1995,,,,
710,1995,,,,
711,1995,,,,
712,1995,,,,
713,1995,,,,
714,1995,,,,
715,1995,,,,
716,1995,,,,
717,1995,,,,
718,1995,,,,
719,1995,,,,
720,1995,,,,
721,1995,,,,
722,1996,,,,
723,1996,,,,
724,1996,,,,
725,1996,,,,
726,1996,,,,
727,1996,,,,
728,1996,,,,
729,1996,,,,
730,1996,,,,
731,1996,,,,
732,1996,,,,
733,1996,,,,
734,1996,,,,
735,1996,,,,
736,1996,,,,
737,1996,,,,
738,1996,,,,
739,1996,,,,
740,1996,,,,
741,1996,,,,
742,1996,,,,
743,1996,,,,
744,1996,,,,
745,1997,,,,
746,1997,,,,
747,1997,,,,
748,1997,,,,
749,1997,,,,
750,1997,,,,
751,1997,,,,
752,1997,,,,
753,1997,,,,
754,1997,,,,
755,1997,,,,
756,1997,,,,
757,1997,,,,
758,1997,,,,
759,1997,,,,
760,1997,,,,
761,1997,,,,
762,1997,,,,
763,1997,,,,
764,1997,,,,
765,1997,,,,
766,1997,,,,
767,1997,,,,
768,1997,,,,
769,1997,,,,
770,1998,,,,
771,1998,,,,
772,1998,,,,
773,1998,,,,
774,1998,,,,
775,1998,,,,
776,1998,,,,
777,1998,,,,
778,1998,,,,
779,1998,,,,
780,1998,,,,
781,1998,,,,
782,1998,,,,
783,1998,,,,
784,1998,,,,
785,1998,,,,
786,1998,,,,
787,1998,,,,
788,1998,,,,
789,1998,,,,
790,1998,,,,
791,1998,,,,
792,1998,,,,
793,1998,,,,
794,1998,,,,
795,1999,,,,
796,1999,,,,
797,1999,,,,
798,1999,,,,
799,1999,,,,
800,1999,,,,
801,1999,,,,
802,1999,,,,
803,1999,,,,
804,1999,,,,
805,1999,,,,
806,1999,,,,
807,1999,,,,
808,1999,,,,
809,1999,,,,
810,1999,,,,
811,1999,,,,
812,1999,,,,
813,1999,,,,
814,1999,,,,
815,1999,,,,
816,1999,,,,
817,1999,,,,
818,2000,,,,
819,2000,,,,
820,2000,,,,
821,2000,,,,
822,2000,,,,
823,2000,,,,
824,2000,,,,
825,2000,,,,
826,2000,,,,
827,2000,,,,
828,2000,,,,
829,2000,,,,
830,2000,,,,
831,2000,,,,
832,2000,,,,
833,2000,,,,
834,2000,,,,
835,2000,,,,
836,2000,,,,
837,2000,,,,
838,2000,,,,
839,2000,,,,
840,2000,,,,
841,2000,,,,
842,2001,,,,
843,2001,,,,
844,2001,,,,
845,2001,,,,
846,2001,,,,
847,2001,,,,
848,2001,,,,
849,2001,,,,
850,2001,,,,
851,2001,,,,
852,2001,,,,
853,2001,,,,
854,2001,,,,
855,2001,,,,
856,2001,,,,
857,2001,,,,
858,2001,,,,
859,2001,,,,
860,2001,,,,
861,2001,,,,
862,2001,,,,
863,2001,,,,
864,2001,,,,
865,2002,,,,
866,2002,,,,
867,2002,,,,
868,2002,,,,
869,2002,,,,
870,2002,,,,
871,2002,,,,
872,2002,,,,
873,2002,,,,
874,2002,,,,
875,2002,,,,
876,2002,,,,
877,2002,,,,
878,2002,,,,
879,2002,,,,
880,2002,,,,
881,2002,,,,
882,2002,,,,
883,2002,,,,
884,2002,,,,
885,2002,,,,
886,2002,,,,
887,2002,,,,
888,2002,,,,
889,2003,,,,
890,2003,,,,
891,2003,,,,
892,2003,,,,
893,2003,,,,
894,2003,,,,
895,2003,,,,
896,2003,,,,
897,2003,,,,
898,2003,,,,
899,2003,,,,
900,2003,,,,
901,2003,,,,
902,2003,,,,
903,2003,,,,
904,2003,,,,
905,2003,,,,
906,2003,,,,
907,2003,,,,
908,2003,,,,
909,2003,,,,
910,2003,,,,
911,2003,,,,
912,2003,,,,
913,2003,,,,
914,2003,,,,
915,2004,,,,
916,2004,,,,
917,2004,,,,
918,2004,,,,
919,2004,,,,
920,2004,,,,
921,2004,,,,
922,2004,,,,
923,2004,,,,
924,2004,,,,
925,2004,,,,
926,2004,,,,
927,2004,,,,
928,2004,,,,
929,2004,,,,
930,2004,,,,
931,2004,,,,
932,2004,,,,
933,2004,,,,
934,2004,,,,
935,2004,,,,
936,2004,,,,
937,2004,,,,
938,2004,,,,
939,2004,,,,
940,2004,,,,
941,2004,,,,
942,2004,,,,
943,2004,,,,
944,2004,,,,
945,2004,,,,
946,2004,,,,
947,2004,,,,
948,2004,,,,
949,2004,,,,
950,2004,,,,
951,2005,,,,
952,2005,,,,
953,2005,,,,
954,2005,,,,
955,2005,,,,
956,2005,,,,
957,2005,,,,
958,2005,,,,
959,2005,,,,
960,2005,,,,
961,2005,,,,
962,2005,,,,
963,2005,,,,
964,2005,,,,
965,2005,,,,
966,2005,,,,
967,2005,,,,
968,2005,,,,
969,2005,,,,
970,2005,,,,
971,2005,,,,
972,2005,,,,
973,2005,,,,
974,2005,,,,
975,2005,,,,
976,2005,,,,
977,2005,,,,
978,2005,,,,
979,2005,,,,
980,2005,,,,
981,2005,,,,
982,2005,,,,
983,2005,,,,
984,2005,,,,
985,2005,,,,
986,2005,,,,
987,2005,,,,
988,2005,,,,
989,2005,,,,
990,2006,,,,
991,2006,,,,
992,2006,,,,
993,2006,,,,
994,2006,,,,
995,2006,,,,
996,2006,,,,
997,2006,,,,
998,2006,,,,
999,2006,,,,
1000,2006,,,,
1001,2006,,,,
1002,2006,,,,
1003,2006,,,,
1004,2006,,,,
1005,2006,,,,
1006,2006,,,,
1007,2006,,,,
1008,2006,,,,
1009,2006,,,,
1010,2006,,,,
1011,2006,,,,
1012,2006,,,,
1013,2006,,,,
1014,2006,,,,
1015,2006,,,,
1016,2006,,,,
1017,2006,,,,
1018,2006,,,,
1019,2006,,,,
1020,2006,,,,
1021,2006,,,,
1022,2006,,,,
1023,2006,,,,
1024,2006,,,,
1025,2006,,,,
1026,2006,,,,
1027,2007,,,,
1028,2007,,,,
1029,2007,,,,
1030,2007,,,,
1031,2007,,,,
1032,2007,,,,
1033,2007,,,,
1034,2007,,,,
1035,2007,,,,
1036,2007,,,,
1037,2007,,,,
1038,2007,,,,
1039,2007,,,,
1040,2007,,,,
1041,2007,,,,
1042,2007,,,,
1043,2007,,,,
1044,2007,,,,
1045,2007,,,,
1046,2007,,,,
1047,2007,,,,
1048,2007,,,,
1049,2007,,,,
1050,2007,,,,
1051,2007,,,,
1052,2007,,,,
1053,2007,,,,
1054,2007,,,,
1055,2007,,,,
1056,2007,,,,
1057,2007,,,,
1058,2007,,,,
1059,2007,,,,
1060,2007,,,,
1061,2007,,,,
1062,2007,,,,
1063,2007,,,,
1064,2007,,,,
1065,2007,,,,
1066,2007,,,,
1067,2007,,,,
1068,2007,,,,
1069,2008,,,,
1070,2008,,,,
1071,2008,,,,
1072,2008,,,,
1073,2008,,,,
1074,2008,,,,
1075,2008,,,,
1076,2008,,,,
1077,2008,,,,
1078,2008,,,,
1079,2008,,,,
1080,2008,,,,
1081,2008,,,,
1082,2008,,,,
1083,2008,,,,
1084,2008,,,,
1085,2008,,,,
1086,2008,,,,
1087,2008,,,,
1088,2008,,,,
1089,2008,,,,
1090,2008,,,,
1091,2008,,,,
1092,2008,,,,
1093,2008,,,,
1094,2008,,,,
1095,2008,,,,
1096,2008,,,,
1097,2008,,,,
1098,2008,,,,
1099,2008,,,,
1100,2008,,,,
1101,2008,,,,
1102,2008,,,,
1103,2008,,,,
1104,2008,,,,
1105,2008,,,,
1106,2008,,,,
1107,2008,,,,
1108,2008,,,,
1109,2008,,,,
1110,2008,,,,
1111,2008,,,,
1112,2009,,,,
1113,2009,,,,
1114,2009,,,,
1115,2009,,,,
1116,2009,,,,
1117,2009,,,,
1118,2009,,,,
1119,2009,,,,
1120,2009,,,,
1121,2009,,,,
1122,2009,,,,
1123,2009,,,,
1124,2009,,,,
1125,2009,,,,
1126,2009,,,,
1127,2009,,,,
1128,2009,,,,
1129,2009,,,,
1130,2009,,,,
1131,2009,,,,
1132,2009,,,,
1133,2009,,,,
1134,2009,,,,
1135,2009,,,,
1136,2009,,,,
1137,2009,,,,
1138,2009,,,,
1139,2009,,,,
1140,2009,,,,
1141,2009,,,,
1142,2009,,,,
1143,2009,,,,
1144,2009,,,,
1145,2009,,,,
1146,2009,,,,
1147,2009,,,,
1148,2009,,,,
1149,2009,,,,
1150,2009,,,,
1151,2009,,,,
1152,2009,,,,
1153,2009,,,,
1154,2010,,,,
1155,2010,,,,
1156,2010,,,,
1157,2010,,,,
1158,2010,,,,
1159,2010,,,,
1160,2010,,,,
1161,2010,,,,
1162,2010,,,,
1163,2010,,,,
1164,2010,,,,
1165,2010,,,,
1166,2010,,,,
1167,2010,,,,
1168,2010,,,,
1169,2010,,,,
1170,2010,,,,
1171,2010,,,,
1172,2010,,,,
1173,2010,,,,
1174,2010,,,,
1175,2010,,,,
1176,2010,,,,
1177,2010,,,,
1178,2010,,,,
1179,2010,,,,
1180,2010,,,,
1181,2010,,,,
1182,2010,,,,
1183,2010,,,,
1184,2010,,,,
1185,2010,,,,
1186,2010,,,,
1187,2010,,,,
1188,2010,,,,
1189,2010,,,,
1190,2010,,,,
1191,2010,,,,
1192,2010,,,,
1193,2011,,,,
1194,2011,,,,
1195,2011,,,,
1196,2011,,,,
1197,2011,,,,
1198,2011,,,,
1199,2011,,,,
1200,2011,,,,
1201,2011,,,,
1202,2011,,,,
1203,2011,,,,
1204,2011,,,,
1205,2011,,,,
1206,2011,,,,
1207,2011,,,,
1208,2011,,,,
1209,2011,,,,
1210,2011,,,,
1211,2011,,,,
1212,2011,,,,
1213,2011,,,,
1214,2011,,,,
1215,2011,,,,
1216,2011,,,,
1217,2011,,,,
1218,2011,,,,
1219,2011,,,,
1220,2011,,,,
1221,2011,,,,
1222,2011,,,,
1223,2011,,,,
1224,2011,,,,
1225,2011,,,,
1226,2011,,,,
1227,2011,,,,
1228,2011,,,,
1229,2011,,,,
1230,2011,,,,
1231,2011,,,,
1232,2011,,,,
1233,2011,,,,
1234,2011,,,,
1235,2011,,,,
1236,2012,,,,
1237,2012,,,,
1238,2012,,,,
1239,2012,,,,
1240,2012,,,,
1241,2012,,,,
1242,2012,,,,
1243,2012,,,,
1244,2012,,,,
1245,2012,,,,
1246,2012,,,,
1247,2012,,,,
1248,2012,,,,
1249,2012,,,,
1250,2012,,,,
1251,2012,,,,
1252,2012,,,,
1253,2012,,,,
1254,2012,,,,
1255,2012,,,,
1256,2012,,,,
1257,2012,,,,
1258,2012,,,,
1259,2012,,,,
1260,2012,,,,
1261,2012,,,,
1262,2012,,,,
1263,2012,,,,
1264,2012,,,,
1265,2012,,,,
1266,2012,,,,
1267,2012,,,,
1268,2012,,,,
1269,2012,,,,
1270,2012,,,,
1271,2012,,,,
1272,2012,,,,
1273,2012,,,,
1274,2012,,,,
1275,2012,,,,
1276,2012,,,,
1277,2012,,,,
1278,2013,,,,
1279,2013,,,,
1280,2013,,,,
1281,2013,,,,
1282,2013,,,,
1283,2013,,,,
1284,2013,,,,
1285,2013,,,,
1286,2013,,,,
1287,2013,,,,
1288,2013,,,,
1289,2013,,,,
1290,2013,,,,
1291,2013,,,,
1292,2013,,,,
1293,2013,,,,
1294,2013,,,,
1295,2013,,,,
1296,2013,,,,
1297,2013,,,,
1298,2013,,,,
1299,2013,,,,
1300,2013,,,,
1301,2013,,,,
1302,2013,,,,
1303,2013,,,,
1304,2013,,,,
1305,2013,,,,
1306,2013,,,,
1307,2013,,,,
1308,2013,,,,
1309,2013,,,,
1310,2013,,,,
1311,2013,,,,
1312,2013,,,,
1313,2013,,,,
1314,2013,,,,
1315,2013,,,,
1316,2013,,,,
1317,2014,,,,
1318,2014,,,,
1319,2014,,,,
1320,2014,,,,
1321,2014,,,,
1322,2014,,,,
1323,2014,,,,
1324,2014,,,,
1325,2014,,,,
1326,2014,,,,
1327,2014,,,,
1328,2014,,,,
1329,2014,,,,
1330,2014,,,,
1331,2014,,,,
1332,2014,,,,
1333,2014,,,,
1334,2014,,,,
1335,2014,,,,
1336,2014,,,,
1337,2014,,,,
1338,2014,,,,
1339,2014,,,,
1340,2014,,,,
1341,2014,,,,
1342,2014,,,,
1343,2014,,,,
1344,2014,,,,
1345,2014,,,,
1346,2014,,,,
1347,2014,,,,
1348,2014,,,,
1349,2014,,,,
1350,2014,,,,
1351,2014,,,,
1352,2014,,,,
1353,2014,,,,
1354,2015,,,,
1355,2015,,,,
1356,2015,,,,
1357,2015,,,,
1358,2015,,,,
1359,2015,,,,
1360,2015,,,,
1361,2015,,,,
1362,2015,,,,
1363,2015,,,,
1364,2015,,,,
1365,2015,,,,
1366,2015,,,,
1367,2015,,,,
1368,2015,,,,
1369,2015,,,,
1370,2015,,,,
1371,2015,,,,
1372,2015,,,,
1373,2015,,,,
1374,2015,,,,
1375,2015,,,,
1376,2015,,,,
1377,2015,,,,
1378,2015,,,,
1379,2015,,,,
1380,2015,,,,
1381,2015,,,,
1382,2015,,,,
1383,2015,,,,
1384,2015,,,,
1385,2015,,,,
1386,2015,,,,
1387,2015,,,,
1388,2015,,,,
1389,2015,,,,
1390,2015,,,,
1391,2015,,,,
1392,2015,,,,
1393,2015,,,,
1394,2016,323.0,211.0,152.0,135.0
1395,2016,191.0,320.0,142.0,188.0
1396,2016,361.0,130.0,194.0,148.0
1397,2016,180.0,127.0,122.0,98.0
1398,2016,139.0,122.0,,
1399,2016,109.0,148.0,,
1400,2016,134.0,115.0,116.0,127.0
1401,2016,222.0,7.0,131.0,20.0
1402,2016,96.0,104.0,118.0,104.0
1403,2016,51.0,130.0,135.0,139.0
1404,2016,39.0,114.0,95.0,102.0
1405,2016,16.0,137.0,54.0,155.0
1406,2016,120.0,31.0,133.0,37.0
1407,2016,11.0,124.0,20.0,127.0
1408,2016,63.0,69.0,68.0,64.0
1409,2016,34.0,90.0,,
1410,2016,73.0,44.0,93.0,92.0
1411,2016,80.0,35.0,50.0,55.0
1412,2016,56.0,52.0,119.0,78.0
1413,2016,24.0,80.0,39.0,84.0
1414,2016,53.0,43.0,93.0,71.0
1415,2016,10.0,67.0,,
1416,2016,33.0,40.0,53.0,80.0
1417,2016,8.0,54.0,,
1418,2016,0.0,41.0,41.0,120.0
1419,2016,10.0,1.0,,
1420,2016,,,78.0,26.0
1421,2016,,,54.0,34.0
1422,2016,,,52.0,32.0
1423,2016,,,49.0,19.0
1424,2016,,,34.0,29.0
1425,2016,,,14.0,46.0
1426,2016,,,8.0,49.0
1427,2016,,,24.0,27.0
1428,2016,,,16.0,35.0
1429,2016,,,31.0,15.0
1430,2016,,,35.0,10.0
1431,2016,,,22.0,22.0
1432,2016,,,24.0,10.0
1433,2016,,,9.0,24.0
1434,2016,,,3.0,25.0
1435,2016,,,15.0,9.0
1436,2017,376.0,382.0,197.0,173.0
1437,2017,337.0,278.0,204.0,199.0
1438,2017,264.0,110.0,180.0,111.0
1439,2017,255.0,108.0,125.0,40.0
1440,2017,126.0,218.0,103.0,124.0
1441,2017,208.0,126.0,,
1442,2017,224.0,58.0,148.0,26.0
1443,2017,152.0,48.0,165.0,66.0
1444,2017,2.0,171.0,21.0,139.0
1445,2017,29.0,129.0,52.0,137.0
1446,2017,15.0,135.0,51.0,149.0
1447,2017,90.0,45.0,,
1448,2017,103.0,25.0,104.0,37.0
1449,2017,42.0,78.0,63.0,87.0
1450,2017,12.0,99.0,,
1451,2017,0.0,93.0,32.0,115.0
1452,2017,33.0,50.0,55.0,55.0
1453,2017,21.0,58.0,65.0,87.0
1454,2017,29.0,48.0,54.0,61.0
1455,2017,8.0,69.0,5.0,96.0
1456,2017,32.0,36.0,103.0,61.0
1457,2017,41.0,23.0,69.0,50.0
1458,2017,5.0,34.0,132.0,75.0
1459,2017,24.0,12.0,,
1460,2017,3.0,3.0,,
1461,2017,5.0,0.0,,
1462,2017,,,37.0,62.0
1463,2017,,,45.0,53.0
1464,2017,,,49.0,48.0
1465,2017,,,51.0,41.0
1466,2017,,,41.0,45.0
1467,2017,,,69.0,16.0
1468,2017,,,2.0,81.0
1469,2017,,,38.0,38.0
1470,2017,,,40.0,29.0
1471,2017,,,31.0,29.0
1472,2017,,,39.0,17.0
1473,2017,,,0.0,55.0
1474,2017,,,25.0,17.0
1475,2017,,,20.0,16.0
1476,2017,,,20.0,1.0
1477,2017,,,1.0,0.0
1478,2018,317.0,212.0,116.0,167.0
1479,2018,253.0,183.0,173.0,89.0
1480,2018,71.0,271.0,116.0,115.0
1481,2018,136.0,204.0,,
1482,2018,249.0,59.0,,
1483,2018,215.0,66.0,134.0,98.0
1484,2018,21.0,253.0,83.0,171.0
1485,2018,102.0,143.0,120.0,81.0
1486,2018,188.0,38.0,164.0,40.0
1487,2018,115.0,94.0,153.0,82.0
1488,2018,58.0,126.0,48.0,114.0
1489,2018,91.0,90.0,62.0,57.0
1490,2018,59.0,114.0,,
1491,2018,66.0,100.0,70.0,107.0
1492,2018,84.0,60.0,133.0,133.0
1493,2018,62.0,74.0,108.0,71.0
1494,2018,119.0,11.0,114.0,65.0
1495,2018,32.0,89.0,47.0,127.0
1496,2018,75.0,38.0,72.0,45.0
1497,2018,9.0,90.0,82.0,130.0
1498,2018,65.0,28.0,88.0,23.0
1499,2018,23.0,41.0,65.0,67.0
1500,2018,18.0,43.0,,
1501,2018,25.0,23.0,,
1502,2018,23.0,23.0,73.0,35.0
1503,2018,18.0,21.0,,
1504,2018,,,40.0,67.0
1505,2018,,,14.0,92.0
1506,2018,,,8.0,93.0
1507,2018,,,47.0,47.0
1508,2018,,,20.0,71.0
1509,2018,,,27.0,59.0
1510,2018,,,60.0,21.0
1511,2018,,,53.0,28.0
1512,2018,,,41.0,38.0
1513,2018,,,51.0,14.0
1514,2018,,,45.0,20.0
1515,2018,,,17.0,46.0
1516,2018,,,17.0,23.0
1517,2018,,,14.0,14.0
1518,2018,,,13.0,11.0
1519,2018,,,6.0,18.0
1520,2018,,,0.0,15.0
1521,2019,261.0,237.0,140.0,140.0
1522,2019,253.0,219.0,,
1523,2019,244.0,126.0,124.0,93.0
1524,2019,212.0,152.0,137.0,95.0
1525,2019,93.0,241.0,88.0,150.0
1526,2019,291.0,40.0,170.0,40.0
1527,2019,58.0,247.0,84.0,155.0
1528,2019,100.0,202.0,121.0,103.0
1529,2019,131.0,153.0,140.0,121.0
1530,2019,186.0,46.0,151.0,70.0
1531,2019,7.0,150.0,85.0,157.0
1532,2019,51.0,69.0,41.0,53.0
1533,2019,32.0,77.0,54.0,95.0
1534,2019,20.0,87.0,50.0,107.0
1535,2019,59.0,46.0,93.0,74.0
1536,2019,38.0,67.0,,
1537,2019,47.0,43.0,58.0,38.0
1538,2019,54.0,35.0,65.0,91.0
1539,2019,65.0,12.0,124.0,26.0
1540,2019,48.0,28.0,133.0,65.0
1541,2019,24.0,50.0,54.0,131.0
1542,2019,53.0,1.0,,
1543,2019,35.0,0.0,,
1544,2019,13.0,18.0,44.0,78.0
1545,2019,0.0,24.0,,
1546,2019,3.0,8.0,,
1547,2019,,,60.0,60.0
1548,2019,,,32.0,65.0
1549,2019,,,77.0,16.0
1550,2019,,,27.0,58.0
1551,2019,,,20.0,50.0
1552,2019,,,24.0,47.0
1553,2019,,,33.0,29.0
1554,2019,,,38.0,26.0
1555,2019,,,43.0,8.0
1556,2019,,,13.0,37.0
1557,2019,,,23.0,26.0
1558,2019,,,15.0,31.0
1559,2019,,,14.0,9.0
1560,2019,,,0.0,21.0
1561,2019,,,3.0,13.0
1562,2020,,,,
1563,2020,,,,
1564,2020,,,,
1565,2020,,,,
1566,2020,,,,
1567,2020,,,,
1568,2020,,,,
1569,2020,,,,
1570,2020,,,,
1571,2020,,,,
1572,2020,,,,
1573,2020,,,,
1574,2020,,,,
1575,2020,,,,
1576,2020,,,,
1577,2020,,,,
1578,2020,,,,
1579,2020,,,,
1580,2020,,,,
1581,2020,,,,
1582,2020,,,,
1583,2020,,,,
1584,2020,,,,
1585,2020,,,,
1586,2020,,,,
1587,2020,,,,
1588,2020,,,,
1589,2020,,,,
1590,2020,,,,
1591,2020,,,,
1592,2020,,,,
1593,2020,,,,
1594,2020,,,,
1595,2020,,,,
1596,2020,,,,
1597,2020,,,,
1598,2020,,,,
1599,2020,,,,
1600,2020,,,,
1601,2020,,,,
1602,2020,,,,
1603,2021,318.0,206.0,,
1604,2021,251.0,248.0,,
1605,2021,165.0,267.0,135.0,156.0
1606,2021,180.0,198.0,148.0,140.0
1607,2021,267.0,97.0,164.0,103.0
1608,2021,218.0,83.0,150.0,84.0
1609,2021,47.0,208.0,151.0,174.0
1610,2021,165.0,55.0,137.0,66.0
1611,2021,100.0,104.0,108.0,117.0
1612,2021,79.0,91.0,80.0,104.0
1613,2021,30.0,140.0,101.0,149.0
1614,2021,27.0,126.0,111.0,128.0
1615,2021,62.0,53.0,123.0,56.0
1616,2021,63.0,46.0,51.0,91.0
1617,2021,82.0,20.0,68.0,56.0
1618,2021,44.0,50.0,78.0,92.0
1619,2021,20.0,73.0,93.0,99.0
1620,2021,60.0,15.0,77.0,38.0
1621,2021,3.0,71.0,47.0,70.0
1622,2021,33.0,32.0,91.0,47.0
1623,2021,35.0,22.0,38.0,74.0
1624,2021,13.0,37.0,42.0,76.0
1625,2021,0.0,11.0,,
1626,2021,0.0,6.0,,
1627,2021,0.0,3.0,,
1628,2021,0.0,0.0,,
1629,2021,,,53.0,57.0
1630,2021,,,27.0,58.0
1631,2021,,,80.0,9.0
1632,2021,,,13.0,53.0
1633,2021,,,29.0,29.0
1634,2021,,,8.0,36.0
1635,2021,,,17.0,18.0
1636,2021,,,2.0,26.0
1637,2021,,,11.0,12.0
1638,2021,,,0.0,23.0
1639,2021,,,4.0,16.0
1640,2021,,,15.0,1.0
1641,2021,,,10.0,4.0
1642,2022,439.0,192.0,202.0,135.0
1643,2022,183.0,283.0,,
1644,2022,228.0,231.0,,
1645,2022,180.0,258.0,174.0,222.0
1646,2022,225.0,87.0,174.0,63.0
1647,2022,110.0,158.0,,
1648,2022,239.0,14.0,135.0,19.0
1649,2022,57.0,158.0,60.0,151.0
1650,2022,36.0,171.0,87.0,121.0
1651,2022,146.0,36.0,104.0,73.0
1652,2022,42.0,129.0,79.0,142.0
1653,2022,105.0,46.0,114.0,84.0
1654,2022,98.0,43.0,96.0,113.0
1655,2022,93.0,35.0,103.0,56.0
1656,2022,2.0,123.0,74.0,169.0
1657,2022,3.0,103.0,0.0,96.0
1658,2022,0.0,78.0,11.0,107.0
1659,2022,53.0,12.0,100.0,18.0
1660,2022,5.0,59.0,46.0,105.0
1661,2022,21.0,40.0,105.0,82.0
1662,2022,26.0,12.0,99.0,63.0
1663,2022,5.0,33.0,125.0,102.0
1664,2022,10.0,10.0,39.0,64.0
1665,2022,8.0,9.0,,
1666,2022,6.0,0.0,,
1667,2022,,,33.0,42.0
1668,2022,,,20.0,56.0
1669,2022,,,46.0,12.0
1670,2022,,,54.0,9.0
1671,2022,,,27.0,34.0
1672,2022,,,20.0,35.0
1673,2022,,,16.0,39.0
1674,2022,,,29.0,21.0
1675,2022,,,35.0,12.0
1676,2022,,,20.0,27.0
1677,2022,,,36.0,6.0
1678,2022,,,22.0,11.0
1679,2022,,,18.0,11.0
1680,2022,,,9.0,13.0
1681,2022,,,8.0,7.0
1682,2023,243.0,340.0,,
1683,2023,376.0,150.0,,
1684,2023,185.0,177.0,,
1685,2023,174.0,176.0,,
1686,2023,216.0,52.0,,
1687,2023,189.0,54.0,,
1688,2023,55.0,127.0,,
1689,2023,22.0,146.0,,
1690,2023,21.0,130.0,,
1691,2023,35.0,94.0,,
1692,2023,46.0,81.0,,
1693,2023,58.0,68.0,,
1694,2023,112.0,11.0,,
1695,2023,53.0,69.0,,
1696,2023,16.0,104.0,,
1697,2023,50.0,54.0,,
1698,2023,5.0,95.0,,
1699,2023,76.0,20.0,,
1700,2023,81.0,12.0,,
1701,2023,31.0,61.0,,
1702,2023,45.0,33.0,,
1703,2023,59.0,17.0,,
1704,2023,16.0,43.0,,
1705,2023,16.0,14.0,,
1706,2023,9.0,15.0,,
1707,2023,15.0,3.0,,
1708,2023,,,,
1709,2023,,,,
1710,2023,,,,
1711,2023,,,,
1712,2023,,,,
1713,2023,,,,
1714,2023,,,,
1715,2023,,,,
1716,2023,,,,
1717,2023,,,,
1718,2023,,,,
1719,2023,,,,
1720,2023,,,,
1721,2023,,,,
1722,2023,,,,
1723,2023,,,,
1724,2023,,,,
1725,2023,,,,
1726,2023,,,,
1727,2023,,,,
1728,2023,,,,
1729,2023,,,,
1730,2023,,,,
1731,2023,,,,
1732,2023,,,,
1733,2023,,,,
